year,value_social,value_ecommerce
2020,76.095,19.028333333333332
2021,60.95625,14.216666666666667
2023,58.1425,15.341666666666669
2025,72.8175,16.13
